{
  "0": {
    "samples": 500,
    "accuracy": 85.03,
    "max": 85.72999999999999,
    "min": 84.16
  },
  "1": {
    "samples": 1000,
    "accuracy": 88.496,
    "max": 89.23,
    "min": 88.07000000000001
  },
  "2": {
    "samples": 2000,
    "accuracy": 91.162,
    "max": 91.49000000000001,
    "min": 90.72
  },
  "3": {
    "samples": 5000,
    "accuracy": 93.554,
    "max": 94.06,
    "min": 93.27
  },
  "4": {
    "samples": 10000,
    "accuracy": 94.825,
    "max": 95.05,
    "min": 94.58
  },
  "5": {
    "samples": 20000,
    "accuracy": 95.594,
    "max": 95.78,
    "min": 95.32000000000001
  },
  "6": {
    "samples": 30000,
    "accuracy": 95.97,
    "max": 96.21,
    "min": 95.71
  }
}